sourceName,sourceVersion,workoutActivityType,duration,durationUnit,totalDistance,totalDistanceUnit,totalEnergyBurned,totalEnergyBurnedUnit,creationDate,startDate,endDate
Brian’s Apple Watch,4.3.2,Running,36.94670441746712,min,1.370505451009375,mi,282.7770000000011,kcal,2018-07-15 17:48:16 -0600,2018-07-15 16:57:25 -0600,2018-07-15 17:47:53 -0600
Brian’s Apple Watch,4.3.2,Running,60.04283366600672,min,1.289463566618968,mi,213.0159999999995,kcal,2018-07-15 19:13:10 -0600,2018-07-15 17:48:38 -0600,2018-07-15 19:13:04 -0600
Brian’s Apple Watch,4.3.2,CrossTraining,42.71603314876556,min,0,mi,261.2589999999987,kcal,2018-07-16 17:38:44 -0600,2018-07-16 16:55:54 -0600,2018-07-16 17:38:37 -0600
Brian’s Apple Watch,4.3.2,CrossTraining,65.25867106715837,min,0,mi,348.4280000000003,kcal,2018-07-17 06:01:23 -0600,2018-07-17 04:56:01 -0600,2018-07-17 06:01:17 -0600
Brian’s Apple Watch,4.3.2,CrossTraining,30.29035979906718,min,0,mi,203.8569999999986,kcal,2018-07-18 05:39:34 -0600,2018-07-18 05:09:11 -0600,2018-07-18 05:39:28 -0600
Brian’s Apple Watch,4.3.2,CrossTraining,52.77090198397637,min,0,mi,349.3550000000001,kcal,2018-07-18 17:52:17 -0600,2018-07-18 16:59:26 -0600,2018-07-18 17:52:13 -0600
Brian’s Apple Watch,4.3.2,CrossTraining,28.35828026731809,min,0,mi,315.7899999999997,kcal,2018-07-19 16:52:36 -0600,2018-07-19 16:24:08 -0600,2018-07-19 16:52:29 -0600
Brian’s Apple Watch,4.3.2,CrossTraining,48.5791941165924,min,0,mi,404.6009999999985,kcal,2018-07-20 05:58:11 -0600,2018-07-20 05:09:29 -0600,2018-07-20 05:58:03 -0600
Brian’s Apple Watch,4.3.2,CrossTraining,62.15820866624514,min,0,mi,400.2850000000032,kcal,2018-07-20 17:38:32 -0600,2018-07-20 16:36:17 -0600,2018-07-20 17:38:27 -0600
Brian’s Apple Watch,4.3.2,CrossTraining,48.80532426635424,min,0,mi,338.8369999999996,kcal,2018-07-21 08:26:02 -0600,2018-07-21 07:37:07 -0600,2018-07-21 08:25:56 -0600
Brian’s Apple Watch,4.3.2,CrossTraining,37.90064623355865,min,0,mi,197.9559999999993,kcal,2018-07-21 16:39:57 -0600,2018-07-21 16:01:55 -0600,2018-07-21 16:39:49 -0600
Brian’s Apple Watch,4.3.2,Cycling,48.29295358459155,min,0,mi,471.0870000000002,kcal,2018-07-22 09:19:49 -0600,2018-07-22 08:31:16 -0600,2018-07-22 09:19:34 -0600
Brian’s Apple Watch,4.3.2,CrossTraining,68.82621579964956,min,0,mi,438.0219999999992,kcal,2018-07-23 17:50:33 -0600,2018-07-23 16:41:26 -0600,2018-07-23 17:50:15 -0600
Brian’s Apple Watch,4.3.2,CrossTraining,45.85954856673877,min,0,mi,302.621,kcal,2018-07-24 05:51:39 -0600,2018-07-24 05:05:41 -0600,2018-07-24 05:51:33 -0600
Brian’s Apple Watch,4.3.2,CrossTraining,50.00286754965782,min,0,mi,439.0719999999994,kcal,2018-07-24 17:26:39 -0600,2018-07-24 16:36:27 -0600,2018-07-24 17:26:27 -0600
Brian’s Apple Watch,4.3.2,CrossTraining,62.81899521748225,min,0,mi,403.9039999999986,kcal,2018-07-25 17:56:18 -0600,2018-07-25 16:53:23 -0600,2018-07-25 17:56:12 -0600
Brian’s Apple Watch,4.3.2,CrossTraining,28.08877576788267,min,0,mi,279.4619999999994,kcal,2018-07-26 13:45:38 -0600,2018-07-26 13:17:27 -0600,2018-07-26 13:45:32 -0600
Brian’s Apple Watch,4.3.2,CrossTraining,50.69613866607348,min,0,mi,370.3629999999997,kcal,2018-07-30 17:54:55 -0600,2018-07-30 17:04:04 -0600,2018-07-30 17:54:45 -0600
Brian’s Apple Watch,4.3.2,CrossTraining,60.0125868499279,min,0,mi,506.4550000000004,kcal,2018-07-31 05:39:13 -0600,2018-07-31 04:39:05 -0600,2018-07-31 05:39:06 -0600
Brian’s Apple Watch,4.3.2,CrossTraining,46.21492726604144,min,0,mi,377.6420000000002,kcal,2018-07-31 17:44:32 -0600,2018-07-31 16:58:11 -0600,2018-07-31 17:44:24 -0600
Brian’s Apple Watch,4.3.2,CrossTraining,53.6097543656826,min,0,mi,307.1929999999989,kcal,2018-08-01 06:03:13 -0600,2018-08-01 05:09:32 -0600,2018-08-01 06:03:09 -0600
Brian’s Apple Watch,4.3.2,CrossTraining,35.76052804986636,min,0,mi,250.7939999999991,kcal,2018-08-01 15:47:09 -0600,2018-08-01 15:11:12 -0600,2018-08-01 15:46:57 -0600
Brian’s Apple Watch,4.3.2,CrossTraining,63.99032576680183,min,0,mi,477.4829999999988,kcal,2018-08-03 05:56:59 -0600,2018-08-03 04:52:54 -0600,2018-08-03 05:56:54 -0600
Brian’s Apple Watch,4.3.2,CrossTraining,31.31649873455365,min,0,mi,343.0099999999993,kcal,2018-08-03 16:54:51 -0600,2018-08-03 16:23:29 -0600,2018-08-03 16:54:48 -0600
Brian’s Apple Watch,4.3.2,CrossTraining,72.06083973447481,min,0,mi,617.4080000000005,kcal,2018-08-04 08:58:31 -0600,2018-08-04 07:46:23 -0600,2018-08-04 08:58:26 -0600
Brian’s Apple Watch,4.3.2,CrossTraining,13.91282306710879,min,0,mi,60.01599999999994,kcal,2018-08-05 09:10:33 -0600,2018-08-05 08:56:34 -0600,2018-08-05 09:10:29 -0600
Brian’s Apple Watch,4.3.2,Running,68.35820268392563,min,1.472982962348388,mi,234.6499999999995,kcal,2018-08-05 18:06:57 -0600,2018-08-05 16:58:10 -0600,2018-08-05 18:06:31 -0600
Brian’s Apple Watch,4.3.2,Running,55.03970419963201,min,1.425993613341471,mi,230.9479999999996,kcal,2018-08-05 20:06:17 -0600,2018-08-05 19:10:59 -0600,2018-08-05 20:06:02 -0600
Brian’s Apple Watch,4.3.2,CrossTraining,12.72723833322525,min,0,mi,90.59400000000002,kcal,2018-08-06 05:18:36 -0600,2018-08-06 05:05:46 -0600,2018-08-06 05:18:30 -0600
Brian’s Apple Watch,4.3.2,Other,48.60607641736667,min,0,mi,353.8630000000011,kcal,2018-08-06 06:16:53 -0600,2018-08-06 05:28:10 -0600,2018-08-06 06:16:46 -0600
Brian’s Apple Watch,4.3.2,CrossTraining,65.11574388345083,min,0,mi,438.8499999999986,kcal,2018-08-07 06:07:52 -0600,2018-08-07 05:02:40 -0600,2018-08-07 06:07:47 -0600
Brian’s Apple Watch,4.3.2,CrossTraining,27.84171326557795,min,0,mi,236.3829999999996,kcal,2018-08-07 17:31:13 -0600,2018-08-07 17:03:18 -0600,2018-08-07 17:31:09 -0600
Brian’s Apple Watch,4.3.2,CrossTraining,47.81816779971123,min,0,mi,405.4130000000011,kcal,2018-08-08 05:56:06 -0600,2018-08-08 05:08:11 -0600,2018-08-08 05:56:01 -0600
Brian’s Apple Watch,4.3.2,CrossTraining,32.95205019911131,min,0,mi,291.5729999999991,kcal,2018-08-08 17:39:00 -0600,2018-08-08 17:05:48 -0600,2018-08-08 17:38:45 -0600
Brian’s Apple Watch,4.3.2,Running,4.624955183267593,min,0.1558928669272579,mi,10.83300000000001,kcal,2018-08-09 15:51:45 -0600,2018-08-09 15:47:03 -0600,2018-08-09 15:51:40 -0600
Brian’s Apple Watch,4.3.2,CrossTraining,19.98291460076968,min,0,mi,237.379,kcal,2018-08-09 16:11:51 -0600,2018-08-09 15:51:48 -0600,2018-08-09 16:11:47 -0600
Brian’s Apple Watch,4.3.2,CrossTraining,61.08669721682866,min,0,mi,410.2110000000013,kcal,2018-08-10 06:02:00 -0600,2018-08-10 05:00:45 -0600,2018-08-10 06:01:53 -0600
Brian’s Apple Watch,4.3.2,CrossTraining,33.6911638657252,min,0,mi,275.1070000000011,kcal,2018-08-10 18:33:23 -0600,2018-08-10 17:59:36 -0600,2018-08-10 18:33:17 -0600
Brian’s Apple Watch,4.3.2,CrossTraining,81.40209073225657,min,0,mi,579.2519999999975,kcal,2018-08-11 08:59:13 -0600,2018-08-11 07:37:35 -0600,2018-08-11 08:58:59 -0600
Brian’s Apple Watch,4.3.2,Running,36.91618685126305,min,3.821465085929252,mi,401.7319999999999,kcal,2018-08-12 11:16:44 -0600,2018-08-12 10:39:37 -0600,2018-08-12 11:16:32 -0600
Brian’s Apple Watch,4.3.2,CrossTraining,70.671388032039,min,0,mi,388.8920000000014,kcal,2018-08-13 06:12:46 -0600,2018-08-13 05:02:00 -0600,2018-08-13 06:12:41 -0600
Brian’s Apple Watch,4.3.2,CrossTraining,67.70741116603216,min,0,mi,449.1100000000034,kcal,2018-08-13 18:10:05 -0600,2018-08-13 17:02:16 -0600,2018-08-13 18:09:58 -0600
Brian’s Apple Watch,4.3.2,CrossTraining,41.86112713416417,min,0,mi,239.1149999999975,kcal,2018-08-14 05:49:41 -0600,2018-08-14 05:07:41 -0600,2018-08-14 05:49:36 -0600
Brian’s Apple Watch,4.3.2,CrossTraining,31.6151321987311,min,0,mi,258.2819999999982,kcal,2018-08-14 06:21:22 -0600,2018-08-14 05:49:41 -0600,2018-08-14 06:21:18 -0600
Brian’s Apple Watch,4.3.2,CrossTraining,41.67163555026055,min,0,mi,373.4340000000025,kcal,2018-08-14 16:10:55 -0600,2018-08-14 15:29:11 -0600,2018-08-14 16:10:51 -0600
Brian’s Apple Watch,4.3.2,CrossTraining,30.10402824878692,min,0,mi,270.7150000000001,kcal,2018-08-15 05:43:04 -0600,2018-08-15 05:12:54 -0600,2018-08-15 05:43:00 -0600
Brian’s Apple Watch,4.3.2,CrossTraining,57.04390056530634,min,0,mi,328.417000000002,kcal,2018-08-15 18:57:02 -0600,2018-08-15 17:59:49 -0600,2018-08-15 18:56:52 -0600
Brian’s Apple Watch,4.3.2,CrossTraining,69.18598433335622,min,0,mi,550.3979999999974,kcal,2018-08-17 06:08:44 -0600,2018-08-17 04:59:26 -0600,2018-08-17 06:08:37 -0600
Brian’s Apple Watch,4.3.2,CrossTraining,2.38858136733373,min,0,mi,9.198000000000004,kcal,2018-08-18 08:48:24 -0600,2018-08-18 08:45:55 -0600,2018-08-18 08:48:18 -0600
Brian’s Apple Watch,4.3.2,CrossTraining,59.91157125035922,min,0,mi,334.3560000000005,kcal,2018-08-18 10:00:45 -0600,2018-08-18 09:00:43 -0600,2018-08-18 10:00:37 -0600
Brian’s Apple Watch,4.3.2,CrossTraining,37.89806510011355,min,0,mi,335.5480000000001,kcal,2018-08-18 15:04:35 -0600,2018-08-18 14:26:35 -0600,2018-08-18 15:04:29 -0600
Brian’s Apple Watch,4.3.2,CrossTraining,58.1117434322834,min,0,mi,404.5179999999984,kcal,2018-08-20 05:57:13 -0600,2018-08-20 04:59:01 -0600,2018-08-20 05:57:07 -0600
Brian’s Apple Watch,4.3.2,CrossTraining,17.83697440028191,min,0,mi,151.6669999999998,kcal,2018-08-20 17:22:55 -0600,2018-08-20 17:05:00 -0600,2018-08-20 17:22:50 -0600
Brian’s Apple Watch,4.3.2,CrossTraining,6.809058334430059,min,0,mi,73.04100000000001,kcal,2018-08-20 17:35:13 -0600,2018-08-20 17:28:20 -0600,2018-08-20 17:35:08 -0600
Brian’s Apple Watch,4.3.2,CrossTraining,49.85614413221677,min,0,mi,373.5639999999992,kcal,2018-08-21 05:50:26 -0600,2018-08-21 05:00:15 -0600,2018-08-21 05:50:07 -0600
Brian’s Apple Watch,4.3.2,CrossTraining,51.04131429990132,min,0,mi,413.3540000000012,kcal,2018-08-21 17:13:53 -0600,2018-08-21 16:22:32 -0600,2018-08-21 17:13:35 -0600
Brian’s Apple Watch,4.3.2,CrossTraining,42.04202215075493,min,0,mi,339.8640000000006,kcal,2018-08-22 05:40:12 -0600,2018-08-22 04:58:04 -0600,2018-08-22 05:40:07 -0600
Brian’s Apple Watch,4.3.2,CrossTraining,50.14029050072034,min,0,mi,363.2499999999991,kcal,2018-08-22 17:11:05 -0600,2018-08-22 16:20:34 -0600,2018-08-22 17:10:42 -0600
Brian’s Apple Watch,4.3.2,CrossTraining,42.35760010083516,min,0,mi,326.9270000000004,kcal,2018-08-24 07:00:30 -0600,2018-08-24 06:12:11 -0600,2018-08-24 07:00:24 -0600
Brian’s Apple Watch,4.3.2,Running,1.660693166653315,min,0.01276937175333155,mi,1.363,kcal,2018-08-26 08:25:50 -0600,2018-08-26 08:24:04 -0600,2018-08-26 08:25:43 -0600
Brian’s Apple Watch,4.3.2,Running,44.47120959957441,min,5.017479044167813,mi,514.0010000000013,kcal,2018-08-26 09:10:39 -0600,2018-08-26 08:26:02 -0600,2018-08-26 09:10:30 -0600
Brian’s Apple Watch,4.3.2,CrossTraining,34.39005581736565,min,0,mi,222.5270000000009,kcal,2018-08-26 17:49:59 -0600,2018-08-26 17:15:30 -0600,2018-08-26 17:49:54 -0600
Brian’s Apple Watch,4.3.2,CrossTraining,59.19765045046806,min,0,mi,355.5239999999991,kcal,2018-08-27 05:55:36 -0600,2018-08-27 04:55:55 -0600,2018-08-27 05:55:21 -0600
Brian’s Apple Watch,4.3.2,CrossTraining,61.68430026570956,min,0,mi,350.7849999999998,kcal,2018-08-27 18:06:11 -0600,2018-08-27 17:04:25 -0600,2018-08-27 18:06:06 -0600
Brian’s Apple Watch,4.3.2,CrossTraining,55.65811683336894,min,0,mi,395.3790000000037,kcal,2018-08-28 05:53:40 -0600,2018-08-28 04:57:49 -0600,2018-08-28 05:53:29 -0600
Brian’s Apple Watch,4.3.2,CrossTraining,58.10029401580493,min,0,mi,380.1550000000051,kcal,2018-08-29 05:58:16 -0600,2018-08-29 05:00:01 -0600,2018-08-29 05:58:07 -0600
Brian’s Apple Watch,4.3.2,CrossTraining,51.52915118336678,min,0,mi,527.236000000001,kcal,2018-08-30 05:51:17 -0600,2018-08-30 04:59:40 -0600,2018-08-30 05:51:12 -0600
Brian’s Apple Watch,4.3.2,CrossTraining,39.62699510057767,min,0,mi,173.9289999999999,kcal,2018-08-30 18:00:25 -0600,2018-08-30 17:20:41 -0600,2018-08-30 18:00:19 -0600
Brian’s Apple Watch,4.3.2,CrossTraining,45.449533867836,min,0,mi,321.1470000000009,kcal,2018-08-31 05:47:24 -0600,2018-08-31 05:01:53 -0600,2018-08-31 05:47:20 -0600
Brian’s Apple Watch,4.3.2,CrossTraining,81.4579106827577,min,0,mi,464.6530000000039,kcal,2018-08-31 16:59:50 -0600,2018-08-31 15:38:14 -0600,2018-08-31 16:59:41 -0600
Brian’s Apple Watch,4.3.2,CrossTraining,58.58826499978701,min,0,mi,375.5670000000009,kcal,2018-09-01 08:43:24 -0600,2018-09-01 07:44:40 -0600,2018-09-01 08:43:17 -0600
Brian’s Apple Watch,4.3.2,CrossTraining,33.08354329864184,min,0,mi,260.4439999999996,kcal,2018-09-01 09:16:32 -0600,2018-09-01 08:43:24 -0600,2018-09-01 09:16:29 -0600
Brian’s Apple Watch,4.3.2,CrossTraining,51.99977638324102,min,0,mi,613.4559999999988,kcal,2018-09-02 17:11:47 -0600,2018-09-02 16:19:35 -0600,2018-09-02 17:11:35 -0600
Brian’s Apple Watch,4.3.2,CrossTraining,83.30977051655451,min,0,mi,572.5839999999977,kcal,2018-09-03 09:33:09 -0600,2018-09-03 08:09:17 -0600,2018-09-03 09:32:35 -0600
Brian’s Apple Watch,4.3.2,CrossTraining,56.54379723469416,min,0,mi,468.2989999999979,kcal,2018-09-04 05:43:46 -0600,2018-09-04 04:47:05 -0600,2018-09-04 05:43:38 -0600
Brian’s Apple Watch,4.3.2,CrossTraining,43.80605764985084,min,0,mi,256.3210000000005,kcal,2018-09-04 17:25:25 -0600,2018-09-04 16:41:29 -0600,2018-09-04 17:25:18 -0600
Brian’s Apple Watch,4.3.2,CrossTraining,45.50702441533407,min,0,mi,288.2480000000022,kcal,2018-09-05 05:41:08 -0600,2018-09-05 04:55:32 -0600,2018-09-05 05:41:03 -0600
Brian’s Apple Watch,4.3.2,CrossTraining,645.3351125160854,min,0,mi,583.4920000000025,kcal,2018-09-06 04:40:25 -0600,2018-09-05 17:00:50 -0600,2018-09-06 04:40:13 -0600
Brian’s Apple Watch,4.3.2,CrossTraining,47.89898535013199,min,0,mi,207.984000000003,kcal,2018-09-06 05:28:31 -0600,2018-09-06 04:40:31 -0600,2018-09-06 05:28:25 -0600
Brian’s Apple Watch,4.3.2,CrossTraining,38.0059555153052,min,0,mi,293.0479999999995,kcal,2018-09-06 16:38:12 -0600,2018-09-06 16:00:07 -0600,2018-09-06 16:38:07 -0600
Brian’s Apple Watch,4.3.2,CrossTraining,51.32740700046222,min,0,mi,505.7839999999998,kcal,2018-09-07 05:54:35 -0600,2018-09-07 05:01:25 -0600,2018-09-07 05:54:31 -0600
Brian’s Apple Watch,4.3.2,CrossTraining,29.04700213273366,min,0,mi,158.1619999999994,kcal,2018-09-07 17:24:35 -0600,2018-09-07 16:55:22 -0600,2018-09-07 17:24:25 -0600
Brian’s Apple Watch,4.3.2,CrossTraining,56.86975025137266,min,0,mi,302.5150000000021,kcal,2018-09-08 09:03:52 -0600,2018-09-08 08:06:53 -0600,2018-09-08 09:03:46 -0600
Brian’s Apple Watch,4.3.2,CrossTraining,32.26895045042038,min,0,mi,270.8500000000001,kcal,2018-09-08 13:26:02 -0600,2018-09-08 12:53:38 -0600,2018-09-08 13:25:54 -0600
Brian’s Apple Watch,4.3.2,CrossTraining,60.02109326720237,min,0,mi,326.2769999999994,kcal,2018-09-09 17:11:58 -0600,2018-09-09 16:11:48 -0600,2018-09-09 17:11:49 -0600
Brian’s Apple Watch,4.3.2,CrossTraining,46.53265855113666,min,0,mi,321.5719999999993,kcal,2018-09-10 05:51:40 -0600,2018-09-10 05:05:00 -0600,2018-09-10 05:51:32 -0600
Brian’s Apple Watch,4.3.2,CrossTraining,60.78075836698214,min,0,mi,323.8430000000017,kcal,2018-09-11 06:00:16 -0600,2018-09-11 04:59:21 -0600,2018-09-11 06:00:07 -0600
Brian’s Apple Watch,4.3.2,CrossTraining,39.33705306649208,min,0,mi,301.2300000000006,kcal,2018-09-11 17:37:03 -0600,2018-09-11 16:57:39 -0600,2018-09-11 17:36:59 -0600
Brian’s Apple Watch,4.3.2,CrossTraining,36.30637891689936,min,0,mi,291.1400000000011,kcal,2018-09-12 05:45:58 -0600,2018-09-12 05:09:35 -0600,2018-09-12 05:45:53 -0600
Brian’s Apple Watch,4.3.2,CrossTraining,65.72291123270989,min,0,mi,503.5450000000029,kcal,2018-09-12 17:49:21 -0600,2018-09-12 16:43:30 -0600,2018-09-12 17:49:14 -0600
Brian’s Apple Watch,4.3.2,CrossTraining,62.45877439975739,min,0,mi,329.1060000000018,kcal,2018-09-14 10:36:43 -0600,2018-09-14 09:34:03 -0600,2018-09-14 10:36:31 -0600
Brian’s Apple Watch,4.3.2,CrossTraining,44.1193279504776,min,0,mi,229.9730000000012,kcal,2018-09-15 09:31:38 -0600,2018-09-15 08:47:21 -0600,2018-09-15 09:31:28 -0600
Brian’s Apple Watch,4.3.2,CrossTraining,65.60927413304647,min,0,mi,529.8270000000008,kcal,2018-09-15 15:25:09 -0600,2018-09-15 14:19:23 -0600,2018-09-15 15:25:00 -0600
Brian’s Apple Watch,4.3.2,CrossTraining,56.98149858315786,min,0,mi,401.1550000000017,kcal,2018-09-16 11:00:11 -0600,2018-09-16 10:03:03 -0600,2018-09-16 11:00:01 -0600
Brian’s Apple Watch,4.3.2,CrossTraining,38.06803268392881,min,0,mi,195.3660000000005,kcal,2018-09-17 05:38:22 -0600,2018-09-17 05:00:13 -0600,2018-09-17 05:38:17 -0600
Brian’s Apple Watch,4.3.2,CrossTraining,53.23518651723862,min,0,mi,331.1580000000019,kcal,2018-09-17 18:01:25 -0600,2018-09-17 17:08:05 -0600,2018-09-17 18:01:19 -0600
Brian’s Apple Watch,4.3.2,CrossTraining,49.77411964933078,min,0,mi,397.952000000001,kcal,2018-09-18 05:30:07 -0600,2018-09-18 04:40:13 -0600,2018-09-18 05:29:59 -0600
Brian’s Apple Watch,4.3.2,CrossTraining,37.55111881693204,min,0,mi,286.4960000000012,kcal,2018-09-18 17:38:34 -0600,2018-09-18 17:00:55 -0600,2018-09-18 17:38:28 -0600
Brian’s Apple Watch,4.3.2,CrossTraining,57.480487682422,min,0,mi,670.6309999999972,kcal,2018-09-19 05:46:37 -0600,2018-09-19 04:48:59 -0600,2018-09-19 05:46:28 -0600
Brian’s Apple Watch,4.3.2,CrossTraining,30.49310735066732,min,0,mi,173.2980000000002,kcal,2018-09-19 17:47:04 -0600,2018-09-19 17:16:29 -0600,2018-09-19 17:46:59 -0600
Brian’s Apple Watch,4.3.2,CrossTraining,36.1960713326931,min,0,mi,178.0730000000001,kcal,2018-09-21 05:19:35 -0600,2018-09-21 04:43:06 -0600,2018-09-21 05:19:18 -0600
Brian’s Apple Watch,4.3.2,CrossTraining,70.45932330091794,min,0,mi,418.7210000000006,kcal,2018-09-21 18:18:09 -0600,2018-09-21 17:07:29 -0600,2018-09-21 18:17:57 -0600
Brian’s Apple Watch,4.3.2,CrossTraining,59.96025603413582,min,0,mi,347.1739999999976,kcal,2018-09-22 08:07:30 -0600,2018-09-22 07:07:27 -0600,2018-09-22 08:07:25 -0600
Brian’s Apple Watch,4.3.2,CrossTraining,40.3125200510025,min,0,mi,311.7659999999991,kcal,2018-09-22 17:18:32 -0600,2018-09-22 16:38:05 -0600,2018-09-22 17:18:24 -0600
Brian’s Apple Watch,4.3.2,CrossTraining,47.89802528421084,min,0,mi,276.3310000000014,kcal,2018-09-23 09:27:17 -0600,2018-09-23 08:39:18 -0600,2018-09-23 09:27:12 -0600
Brian’s Apple Watch,4.3.2,CrossTraining,39.80681018431981,min,0,mi,228.1859999999995,kcal,2018-09-25 17:48:43 -0600,2018-09-25 17:08:49 -0600,2018-09-25 17:48:38 -0600
Brian’s Apple Watch,4.3.2,CrossTraining,59.08320141832034,min,0,mi,356.3049999999997,kcal,2018-09-26 09:04:34 -0600,2018-09-26 08:05:17 -0600,2018-09-26 09:04:22 -0600
Brian’s Apple Watch,4.3.2,CrossTraining,46.6448422173659,min,0,mi,263.2860000000011,kcal,2018-09-27 05:38:43 -0600,2018-09-27 04:51:59 -0600,2018-09-27 05:38:38 -0600
Brian’s Apple Watch,4.3.2,CrossTraining,56.23043776551882,min,0,mi,304.3860000000028,kcal,2018-09-27 17:52:45 -0600,2018-09-27 16:56:28 -0600,2018-09-27 17:52:42 -0600
Brian’s Apple Watch,4.3.2,CrossTraining,36.42152854998906,min,0,mi,161.6010000000009,kcal,2018-09-28 05:37:48 -0600,2018-09-28 05:01:19 -0600,2018-09-28 05:37:45 -0600
Brian’s Apple Watch,4.3.2,CrossTraining,41.41405461629232,min,0,mi,196.3920000000002,kcal,2018-09-29 08:22:33 -0600,2018-09-29 07:41:04 -0600,2018-09-29 08:22:29 -0600
Brian’s Apple Watch,4.3.2,CrossTraining,30.18442538380623,min,0,mi,130.295,kcal,2018-10-01 05:20:26 -0600,2018-10-01 04:50:10 -0600,2018-10-01 05:20:21 -0600
Brian’s Apple Watch,4.3.2,CrossTraining,38.52079608440399,min,0,mi,220.5700000000015,kcal,2018-10-02 05:32:23 -0600,2018-10-02 04:53:48 -0600,2018-10-02 05:32:20 -0600
Brian’s Apple Watch,4.3.2,CrossTraining,46.73547056516011,min,0,mi,200.1140000000016,kcal,2018-10-02 18:15:49 -0600,2018-10-02 17:28:59 -0600,2018-10-02 18:15:43 -0600
Brian’s Apple Watch,4.3.2,CrossTraining,44.45496684908867,min,0,mi,218.3430000000031,kcal,2018-10-03 05:42:17 -0600,2018-10-03 04:57:45 -0600,2018-10-03 05:42:12 -0600
Brian’s Apple Watch,4.3.2,CrossTraining,4.722064900398254,min,0,mi,20.23099999999999,kcal,2018-10-03 17:01:48 -0600,2018-10-03 16:56:59 -0600,2018-10-03 17:01:42 -0600
Brian’s Apple Watch,4.3.2,CrossTraining,35.43968038360278,min,0,mi,447.4309999999999,kcal,2018-10-04 05:47:04 -0600,2018-10-04 05:11:32 -0600,2018-10-04 05:46:58 -0600
Brian’s Apple Watch,4.3.2,CrossTraining,14.95385261774063,min,0,mi,74.84600000000002,kcal,2018-10-09 05:05:21 -0600,2018-10-09 04:50:19 -0600,2018-10-09 05:05:16 -0600
Brian’s Apple Watch,4.3.2,CrossTraining,35.8772311826547,min,0,mi,221.6779999999996,kcal,2018-10-09 18:06:33 -0600,2018-10-09 17:30:35 -0600,2018-10-09 18:06:27 -0600
Brian’s Apple Watch,4.3.2,CrossTraining,39.44405148426691,min,0,mi,300.6279999999999,kcal,2018-10-10 05:29:33 -0600,2018-10-10 04:50:02 -0600,2018-10-10 05:29:28 -0600
Brian’s Apple Watch,4.3.2,CrossTraining,10.94124113321304,min,0,mi,48.0829999999999,kcal,2018-10-10 17:30:51 -0600,2018-10-10 17:19:51 -0600,2018-10-10 17:30:47 -0600
Brian’s Apple Watch,4.3.2,CrossTraining,36.43304018378258,min,0,mi,191.660999999999,kcal,2018-10-11 17:23:22 -0600,2018-10-11 16:46:52 -0600,2018-10-11 17:23:18 -0600
Brian’s Apple Watch,4.3.2,CrossTraining,31.58366261521975,min,0,mi,342.1319999999982,kcal,2018-10-12 05:19:16 -0600,2018-10-12 04:47:38 -0600,2018-10-12 05:19:13 -0600
Brian’s Apple Watch,4.3.2,CrossTraining,31.05081066687902,min,0,mi,154.037999999999,kcal,2018-10-13 06:16:25 -0600,2018-10-13 05:45:18 -0600,2018-10-13 06:16:21 -0600
Brian’s Apple Watch,4.3.2,Other,33.94813911716143,min,0,mi,447.7620000000003,kcal,2018-10-14 16:53:20 -0600,2018-10-14 16:18:20 -0600,2018-10-14 16:53:14 -0600
Brian’s Apple Watch,4.3.2,CrossTraining,30.16824411551158,min,0,mi,128.8220000000012,kcal,2018-10-17 05:38:37 -0600,2018-10-17 05:08:23 -0600,2018-10-17 05:38:33 -0600
Brian’s Apple Watch,4.3.2,Other,25.11502483288447,min,0,mi,110.4459999999999,kcal,2018-10-17 06:26:07 -0600,2018-10-17 06:00:56 -0600,2018-10-17 06:26:03 -0600
Brian’s Apple Watch,4.3.2,CrossTraining,19.87069079875946,min,0,mi,125.2370000000004,kcal,2018-10-27 07:36:26 -0600,2018-10-27 07:16:30 -0600,2018-10-27 07:36:22 -0600
Brian’s Apple Watch,4.3.2,CrossTraining,33.82486073374749,min,0,mi,179.7989999999992,kcal,2018-10-28 09:34:00 -0600,2018-10-28 09:00:08 -0600,2018-10-28 09:33:57 -0600
Brian’s Apple Watch,4.3.2,CrossTraining,47.34854533274969,min,0,mi,259.8100000000003,kcal,2018-10-30 05:48:20 -0600,2018-10-30 05:00:53 -0600,2018-10-30 05:48:14 -0600
Brian’s Apple Watch,4.3.2,CrossTraining,33.23772595127424,min,0,mi,197.6230000000013,kcal,2018-10-30 17:47:22 -0600,2018-10-30 17:13:46 -0600,2018-10-30 17:47:01 -0600
Brian’s Apple Watch,4.3.2,CrossTraining,53.14543546636899,min,0,mi,296.8300000000019,kcal,2018-10-31 05:53:51 -0600,2018-10-31 05:00:31 -0600,2018-10-31 05:53:40 -0600
Brian’s Apple Watch,4.3.2,CrossTraining,26.87758974830309,min,0,mi,153.3980000000002,kcal,2018-10-31 18:35:07 -0600,2018-10-31 18:08:10 -0600,2018-10-31 18:35:02 -0600
Brian’s Apple Watch,4.3.2,CrossTraining,54.40030634999275,min,0,mi,345.0919999999973,kcal,2018-11-01 07:03:13 -0600,2018-11-01 06:08:46 -0600,2018-11-01 07:03:10 -0600
Brian’s Apple Watch,4.3.2,CrossTraining,71.28534139990806,min,0,mi,459.5600000000014,kcal,2018-11-03 12:57:40 -0600,2018-11-03 11:46:19 -0600,2018-11-03 12:57:36 -0600
Brian’s Apple Watch,4.3.2,CrossTraining,51.91802626649539,min,0,mi,436.3110000000031,kcal,2018-11-04 12:47:04 -0600,2018-11-04 11:55:02 -0600,2018-11-04 12:46:57 -0600
Brian’s Apple Watch,4.3.2,Other,45.74396329919497,min,0,mi,193.2599999999987,kcal,2018-11-05 06:39:50 -0600,2018-11-05 05:54:01 -0600,2018-11-05 06:39:45 -0600
Brian’s Apple Watch,4.3.2,CrossTraining,75.24720901648203,min,0,mi,453.4510000000037,kcal,2018-11-06 07:28:21 -0600,2018-11-06 06:13:01 -0600,2018-11-06 07:28:16 -0600
Brian’s Apple Watch,4.3.2,CrossTraining,46.14902546604474,min,0,mi,228.5539999999989,kcal,2018-11-06 18:38:38 -0600,2018-11-06 17:52:22 -0600,2018-11-06 18:38:31 -0600
Brian’s Apple Watch,4.3.2,CrossTraining,68.20521324872971,min,0,mi,331.9129999999977,kcal,2018-11-07 07:15:19 -0600,2018-11-07 06:07:03 -0600,2018-11-07 07:15:16 -0600
Brian’s Apple Watch,4.3.2,CrossTraining,46.34303593238194,min,0,mi,401.8289999999995,kcal,2018-11-08 06:56:35 -0600,2018-11-08 06:10:06 -0600,2018-11-08 06:56:27 -0600
Brian’s Apple Watch,4.3.2,CrossTraining,50.47111798326174,min,0,mi,225.7939999999977,kcal,2018-11-08 19:06:08 -0600,2018-11-08 18:08:31 -0600,2018-11-08 19:05:58 -0600
Brian’s Apple Watch,4.3.2,CrossTraining,33.82482964992523,min,0,mi,147.9129999999994,kcal,2018-11-09 06:39:05 -0600,2018-11-09 06:05:12 -0600,2018-11-09 06:39:02 -0600
Brian’s Apple Watch,4.3.2,CrossTraining,78.20286463300387,min,0,mi,396.2920000000012,kcal,2018-11-10 10:44:02 -0600,2018-11-10 09:25:42 -0600,2018-11-10 10:43:54 -0600
Brian’s Apple Watch,4.3.2,CrossTraining,91.26699921687444,min,0,mi,473.0810000000041,kcal,2018-11-11 12:56:06 -0600,2018-11-11 11:24:46 -0600,2018-11-11 12:56:02 -0600
Brian’s Apple Watch,4.3.2,CrossTraining,67.86821438272794,min,0,mi,382.2790000000015,kcal,2018-11-13 07:08:01 -0600,2018-11-13 06:00:04 -0600,2018-11-13 07:07:56 -0600
Brian’s Apple Watch,4.3.2,CrossTraining,79.02936849991481,min,0,mi,390.9539999999984,kcal,2018-11-14 07:17:20 -0600,2018-11-14 05:58:12 -0600,2018-11-14 07:17:14 -0600
Brian’s Apple Watch,4.3.2,CrossTraining,70.07602993249893,min,0,mi,348.1659999999969,kcal,2018-11-15 07:16:41 -0600,2018-11-15 06:06:31 -0600,2018-11-15 07:16:36 -0600
Brian’s Apple Watch,4.3.2,Other,72.14334985017777,min,0,mi,337.9050000000056,kcal,2018-11-15 18:47:20 -0600,2018-11-15 17:35:05 -0600,2018-11-15 18:47:14 -0600
Brian’s Apple Watch,4.3.2,CrossTraining,86.31328858335813,min,0,mi,468.4080000000011,kcal,2018-11-16 18:30:34 -0600,2018-11-16 17:04:09 -0600,2018-11-16 18:30:28 -0600
Brian’s Apple Watch,4.3.2,CrossTraining,88.01849959890048,min,0,mi,487.2500000000028,kcal,2018-11-18 17:34:37 -0600,2018-11-18 16:06:19 -0600,2018-11-18 17:34:20 -0600
Brian’s Apple Watch,4.3.2,CrossTraining,69.47859573364258,min,0,mi,387.1679999999979,kcal,2018-11-20 07:13:09 -0600,2018-11-20 06:03:35 -0600,2018-11-20 07:13:04 -0600
Brian’s Apple Watch,4.3.2,CrossTraining,75.29298356572787,min,0,mi,338.3450000000054,kcal,2018-11-20 18:58:12 -0600,2018-11-20 17:42:49 -0600,2018-11-20 18:58:07 -0600
Brian’s Apple Watch,4.3.2,CrossTraining,68.46717966596286,min,0,mi,335.0629999999979,kcal,2018-11-21 07:20:59 -0600,2018-11-21 06:12:25 -0600,2018-11-21 07:20:53 -0600
Brian’s Apple Watch,4.3.2,CrossTraining,67.37393596569697,min,0,mi,343.8089999999973,kcal,2018-11-22 08:39:30 -0600,2018-11-22 07:32:04 -0600,2018-11-22 08:39:26 -0600
